id,time_observed_at,user_name,latitude,longitude,species_guess,scientific_name,common_name,iconic_taxon_name,taxon_id,taxon_kingdom_name,taxon_phylum_name,taxon_subphylum_name,taxon_superclass_name,taxon_class_name,taxon_subclass_name,taxon_superorder_name,taxon_order_name,taxon_suborder_name,taxon_superfamily_name,taxon_family_name,taxon_subfamily_name,taxon_supertribe_name,taxon_tribe_name,taxon_subtribe_name,taxon_genus_name,taxon_genushybrid_name,taxon_species_name,taxon_hybrid_name,taxon_subspecies_name,taxon_variety_name,taxon_form_name
352359544,2026-04-23 20:31:04 UTC,Abby L,-39.0679507589,174.1019655392,Gallant Soldier,Galinsoga parviflora,Gallant Soldier,Plantae,48178,Plantae,Tracheophyta,Angiospermae,,Magnoliopsida,,,Asterales,,,Asteraceae,Asteroideae,,Millerieae,Galinsoginae,Galinsoga,,Galinsoga parviflora,,,,
352447905,2026-04-24 02:17:44 UTC,Liam Aitchison,-39.0817929997,174.0382887,leopard-plant,Farfugium japonicum,leopard-plant,Plantae,322755,Plantae,Tracheophyta,Angiospermae,,Magnoliopsida,,,Asterales,,,Asteraceae,Asteroideae,,Senecioneae,Tussilagininae,Farfugium,,Farfugium japonicum,,,,
352462926,2026-04-24 02:53:56 UTC,David Munro,-39.0834299997,174.0752708997,Kirk's tree daisy,Brachyglottis kirkii,Kirk's tree daisy,Plantae,400080,Plantae,Tracheophyta,Angiospermae,,Magnoliopsida,,,Asterales,,,Asteraceae,Asteroideae,,Senecioneae,,Brachyglottis,,Brachyglottis kirkii,,,,
352465989,2026-04-24 03:25:29 UTC,Abby L,-39.070508047,174.0844751056,Asteroideae,Asteroideae,,Plantae,632790,Plantae,Tracheophyta,Angiospermae,,Magnoliopsida,,,Asterales,,,Asteraceae,Asteroideae,,,,,,,,,,
352469649,2026-04-24 03:41:42 UTC,Abby L,-39.0694105,174.0832009,bluemink,Ageratum houstonianum,bluemink,Plantae,120944,Plantae,Tracheophyta,Angiospermae,,Magnoliopsida,,,Asterales,,,Asteraceae,Asteroideae,,Eupatorieae,Ageratinae,Ageratum,,Ageratum houstonianum,,,,
352470648,2026-04-24 02:29:05 UTC,,-39.0515234,174.0817461997,Cape ivy,Senecio angulatus,creeping groundsel,Plantae,363595,Plantae,Tracheophyta,Angiospermae,,Magnoliopsida,,,Asterales,,,Asteraceae,Asteroideae,,Senecioneae,Senecioninae,Senecio,,Senecio angulatus,,,,
352474393,2026-04-23 20:59:00 UTC,David Munro,-39.0905406997,174.0424035,yarrow,Achillea millefolium,common yarrow,Plantae,52821,Plantae,Tracheophyta,Angiospermae,,Magnoliopsida,,,Asterales,,,Asteraceae,Asteroideae,,Anthemideae,Matricariinae,Achillea,,Achillea millefolium,,,,
352474395,2026-04-23 21:00:00 UTC,David Munro,-39.0905406997,174.0424035,Akiraho,Olearia paniculata,Akiraho,Plantae,336338,Plantae,Tracheophyta,Angiospermae,,Magnoliopsida,,,Asterales,,,Asteraceae,Asteroideae,,Astereae,Celmisiinae,Olearia,,Olearia paniculata,,,,
352478067,2026-04-23 21:56:00 UTC,David Munro,-39.0922217,174.0428612997,yarrow,Achillea millefolium,common yarrow,Plantae,52821,Plantae,Tracheophyta,Angiospermae,,Magnoliopsida,,,Asterales,,,Asteraceae,Asteroideae,,Anthemideae,Matricariinae,Achillea,,Achillea millefolium,,,,
352478091,2026-04-23 22:17:00 UTC,David Munro,-39.0928289,174.0426429997,Jersey Cudweed,Pseudognaphalium luteoalbum,Jersey Cudweed,Plantae,53083,Plantae,Tracheophyta,Angiospermae,,Magnoliopsida,,,Asterales,,,Asteraceae,Asteroideae,,Gnaphalieae,Gnaphaliinae,Pseudognaphalium,,Pseudognaphalium luteoalbum,,,,
352484021,2026-04-23 21:28:00 UTC,,-39.8417175,174.7060993,Pink ragwort,Senecio glastifolius,Woad-leaved ragwort,Plantae,336367,Plantae,Tracheophyta,Angiospermae,,Magnoliopsida,,,Asterales,,,Asteraceae,Asteroideae,,Senecioneae,Senecioninae,Senecio,,Senecio glastifolius,,,,
352484028,2026-04-23 21:34:00 UTC,,-39.8418993,174.7051954,ragwort,Jacobaea vulgaris,ragwort,Plantae,62498,Plantae,Tracheophyta,Angiospermae,,Magnoliopsida,,,Asterales,,,Asteraceae,Asteroideae,,Senecioneae,Senecioninae,Jacobaea,,Jacobaea vulgaris,,,,
352484052,2026-04-23 21:56:00 UTC,,-39.8435818,174.7046684,Scotch Thistle,Cirsium vulgare,Bull Thistle,Plantae,52989,Plantae,Tracheophyta,Angiospermae,,Magnoliopsida,,,Asterales,,,Asteraceae,Carduoideae,,Cardueae,Carduinae,Cirsium,,Cirsium vulgare,,,,
352484054,2026-04-23 22:08:00 UTC,,-39.8443406,174.7033996,Californian thistle,Cirsium arvense,creeping thistle,Plantae,60132,Plantae,Tracheophyta,Angiospermae,,Magnoliopsida,,,Asterales,,,Asteraceae,Carduoideae,,Cardueae,Carduinae,Cirsium,,Cirsium arvense,,,,
352484081,2026-04-23 23:06:00 UTC,,-39.8459068,174.6980086,Sow Thistles,Sonchus,sow thistles,Plantae,53270,Plantae,Tracheophyta,Angiospermae,,Magnoliopsida,,,Asterales,,,Asteraceae,Cichorioideae,,Cichorieae,Hyoseridinae,Sonchus,,,,,,
352484083,2026-04-23 23:30:00 UTC,,-39.8450788997,174.6946753997,bitter lettuce,Lactuca virosa,bitter lettuce,Plantae,53108,Plantae,Tracheophyta,Angiospermae,,Magnoliopsida,,,Asterales,,,Asteraceae,Cichorioideae,,Cichorieae,Lactucinae,Lactuca,,Lactuca virosa,,,,
352485106,2026-04-24 00:48:44 UTC,Halema J,-39.8521166667,174.68857,Tauhinu,Ozothamnus leptophyllus,Tauhinu,Plantae,349798,Plantae,Tracheophyta,Angiospermae,,Magnoliopsida,,,Asterales,,,Asteraceae,Asteroideae,,Gnaphalieae,Gnaphaliinae,Ozothamnus,,Ozothamnus leptophyllus,,,,
352491515,2026-04-24 02:16:56 UTC,"",-39.0511405,174.0832765,Corn Marigold,Glebionis segetum,Corn Marigold,Plantae,77281,Plantae,Tracheophyta,Angiospermae,,Magnoliopsida,,,Asterales,,,Asteraceae,Asteroideae,,Anthemideae,Glebionidinae,Glebionis,,Glebionis segetum,,,,
352528341,2026-04-23 20:58:37 UTC,"",-39.2446716997,174.0327963997,Olearia arborescens,Olearia arborescens,Common tree daisy,Plantae,366692,Plantae,Tracheophyta,Angiospermae,,Magnoliopsida,,,Asterales,,,Asteraceae,Asteroideae,,Astereae,Celmisiinae,Olearia,,Olearia arborescens,,,,
352529930,2026-04-23 20:59:47 UTC,"",-39.2448271,174.0330534,Brachyglottis elaeagnifolia,Brachyglottis elaeagnifolia,,Plantae,380727,Plantae,Tracheophyta,Angiospermae,,Magnoliopsida,,,Asterales,,,Asteraceae,Asteroideae,,Senecioneae,,Brachyglottis,,Brachyglottis elaeagnifolia,,,,
352539227,2026-04-23 21:27:28 UTC,"",-39.248646,174.0394704997,Leptinella squalida squalida,Leptinella squalida squalida,,Plantae,412746,Plantae,Tracheophyta,Angiospermae,,Magnoliopsida,,,Asterales,,,Asteraceae,Asteroideae,,Anthemideae,Cotulinae,Leptinella,,Leptinella squalida,,Leptinella squalida squalida,,
352543349,2026-04-23 21:33:32 UTC,"",-39.2501229,174.0403784,Ozothamnus vauvilliersii,Ozothamnus vauvilliersii,,Plantae,1600651,Plantae,Tracheophyta,Angiospermae,,Magnoliopsida,,,Asterales,,,Asteraceae,Asteroideae,,Gnaphalieae,Gnaphaliinae,Ozothamnus,,Ozothamnus vauvilliersii,,,,
352550291,2026-04-23 21:57:13 UTC,"",-39.2554744997,174.0435904997,Celmisia glandulosa latifolia,Celmisia glandulosa latifolia,Egmont Bog Mountain Daisy,Plantae,412149,Plantae,Tracheophyta,Angiospermae,,Magnoliopsida,,,Asterales,,,Asteraceae,Asteroideae,,Astereae,Celmisiinae,Celmisia,,Celmisia glandulosa,,,Celmisia glandulosa latifolia,
352550429,2026-04-23 22:29:07 UTC,"",-39.2610729,174.0485803997,pānakenake,Lobelia angulata,pānakenake,Plantae,403517,Plantae,Tracheophyta,Angiospermae,,Magnoliopsida,,,Asterales,,,Campanulaceae,Lobelioideae,,,,Lobelia,,Lobelia angulata,,,,
352551649,2026-04-23 22:39:00 UTC,"",-39.2634656,174.0481963997,Arorangi,Olearia × macrodonta,New Zealand holly,Plantae,468976,Plantae,Tracheophyta,Angiospermae,,Magnoliopsida,,,Asterales,,,Asteraceae,Asteroideae,,Astereae,Celmisiinae,Olearia,,,Olearia × macrodonta,,,
352553982,2026-04-23 22:53:30 UTC,"",-39.2642831,174.0532899,Papataniwhaniwha,Lagenophora pumila,,Plantae,468531,Plantae,Tracheophyta,Angiospermae,,Magnoliopsida,,,Asterales,,,Asteraceae,Asteroideae,,Astereae,Lagenophorinae,Lagenophora,,Lagenophora pumila,,,,
352572809,2026-04-23 20:52:29 UTC,Sandra,-39.1685137997,174.3567264,daisy family,Asteraceae,"Sunflowers, Daisies, Asters, and Allies",Plantae,47604,Plantae,Tracheophyta,Angiospermae,,Magnoliopsida,,,Asterales,,,Asteraceae,,,,,,,,,,,
352657439,2026-04-24 04:57:00 UTC,Emily Roberts,-39.120158,173.9219468997,Daisybushes,Olearia,Daisybushes,Plantae,129177,Plantae,Tracheophyta,Angiospermae,,Magnoliopsida,,,Asterales,,,Asteraceae,Asteroideae,,Astereae,Celmisiinae,Olearia,,,,,,
352657456,2026-04-24 04:59:00 UTC,Emily Roberts,-39.120412,173.9213789,Common Sow-thistle,Sonchus oleraceus,Common Sow-thistle,Plantae,53294,Plantae,Tracheophyta,Angiospermae,,Magnoliopsida,,,Asterales,,,Asteraceae,Cichorioideae,,Cichorieae,Hyoseridinae,Sonchus,,Sonchus oleraceus,,,,
352671374,2026-04-24 08:22:00 UTC,Emily Roberts,-39.2016492709,173.9800254609,Toropapa,Alseuosmia macrophylla,toropapa,Plantae,399483,Plantae,Tracheophyta,Angiospermae,,Magnoliopsida,,,Asterales,,,Alseuosmiaceae,,,,,Alseuosmia,,Alseuosmia macrophylla,,,,
353045546,2026-04-24 20:55:41 UTC,,-38.915018214,174.493459317,,Erigeron sumatrensis,tropical horseweed,Plantae,76943,Plantae,Tracheophyta,Angiospermae,,Magnoliopsida,,,Asterales,,,Asteraceae,Asteroideae,,Astereae,Conyzinae,Erigeron,,Erigeron sumatrensis,,,,
353171900,2026-04-23 22:53:01 UTC,Halema J,-39.8454633333,174.7003783333,"",Erigeron sumatrensis,tropical horseweed,Plantae,76943,Plantae,Tracheophyta,Angiospermae,,Magnoliopsida,,,Asterales,,,Asteraceae,Asteroideae,,Astereae,Conyzinae,Erigeron,,Erigeron sumatrensis,,,,
353177644,2026-04-23 22:22:05 UTC,Halema J,-39.8446466667,174.7021333333,"",Leontodon saxatilis,Hairy Hawkbit,Plantae,60973,Plantae,Tracheophyta,Angiospermae,,Magnoliopsida,,,Asterales,,,Asteraceae,Cichorioideae,,Cichorieae,Hypochaeridinae,Leontodon,,Leontodon saxatilis,,,,
353193685,2026-04-24 21:04:34 UTC,,-38.914873078,174.4935169798,common yarrow,Achillea millefolium,common yarrow,Plantae,52821,Plantae,Tracheophyta,Angiospermae,,Magnoliopsida,,,Asterales,,,Asteraceae,Asteroideae,,Anthemideae,Matricariinae,Achillea,,Achillea millefolium,,,,
353193775,2026-04-24 21:05:29 UTC,,-38.914873078,174.4935169798,,Taraxacum officinale,common dandelion,Plantae,47602,Plantae,Tracheophyta,Angiospermae,,Magnoliopsida,,,Asterales,,,Asteraceae,Cichorioideae,,Cichorieae,Crepidinae,Taraxacum,,Taraxacum officinale,,,,
353194277,2026-04-24 21:13:01 UTC,,-38.9146762992,174.4940472872,,Taraxacum officinale,common dandelion,Plantae,47602,Plantae,Tracheophyta,Angiospermae,,Magnoliopsida,,,Asterales,,,Asteraceae,Cichorioideae,,Cichorieae,Crepidinae,Taraxacum,,Taraxacum officinale,,,,
353235392,2026-04-25 01:53:44 UTC,"",-39.0034515997,174.2419471997,bristly oxtongue,Helminthotheca echioides,bristly oxtongue,Plantae,61906,Plantae,Tracheophyta,Angiospermae,,Magnoliopsida,,,Asterales,,,Asteraceae,Cichorioideae,,Cichorieae,Hypochaeridinae,Helminthotheca,,Helminthotheca echioides,,,,
353247258,2026-04-24 02:03:20 UTC,Sandra,-39.1570810997,174.3535326997,Thistles and Burdocks,Carduinae,Thistles and Burdocks,Plantae,632885,Plantae,Tracheophyta,Angiospermae,,Magnoliopsida,,,Asterales,,,Asteraceae,Carduoideae,,Cardueae,Carduinae,,,,,,,
353249776,2026-04-24 02:51:40 UTC,Sandra,-39.1560662997,174.3532896,New Zealand bluebell,Wahlenbergia violacea,New Zealand bluebell,Plantae,410166,Plantae,Tracheophyta,Angiospermae,,Magnoliopsida,,,Asterales,,,Campanulaceae,Campanuloideae,,,,Wahlenbergia,,Wahlenbergia violacea,,,,
353261493,2026-04-25 02:09:59 UTC,,-38.9135599183,174.5073433527,Bull Thistle,Cirsium vulgare,Bull Thistle,Plantae,52989,Plantae,Tracheophyta,Angiospermae,,Magnoliopsida,,,Asterales,,,Asteraceae,Carduoideae,,Cardueae,Carduinae,Cirsium,,Cirsium vulgare,,,,
353268138,2026-04-25 00:46:15 UTC,"",-38.9955090997,174.2375849,German ivy,Delairea odorata,Cape-ivy,Plantae,53208,Plantae,Tracheophyta,Angiospermae,,Magnoliopsida,,,Asterales,,,Asteraceae,Asteroideae,,Senecioneae,Senecioninae,Delairea,,Delairea odorata,,,,
353272383,2026-04-23 22:12:16 UTC,Halema J,-39.8444783333,174.70253,ragwort,Jacobaea vulgaris,ragwort,Plantae,62498,Plantae,Tracheophyta,Angiospermae,,Magnoliopsida,,,Asterales,,,Asteraceae,Asteroideae,,Senecioneae,Senecioninae,Jacobaea,,Jacobaea vulgaris,,,,
353274142,2026-04-23 21:15:58 UTC,Halema J,-39.8418783333,174.7107866667,Pink ragwort,Senecio glastifolius,Woad-leaved ragwort,Plantae,336367,Plantae,Tracheophyta,Angiospermae,,Magnoliopsida,,,Asterales,,,Asteraceae,Asteroideae,,Senecioneae,Senecioninae,Senecio,,Senecio glastifolius,,,,
353276695,2026-04-23 21:39:37 UTC,Halema J,-39.8424033333,174.7050333333,"",Cirsium vulgare,Bull Thistle,Plantae,52989,Plantae,Tracheophyta,Angiospermae,,Magnoliopsida,,,Asterales,,,Asteraceae,Carduoideae,,Cardueae,Carduinae,Cirsium,,Cirsium vulgare,,,,
353285478,2026-04-25 01:02:09 UTC,,-38.9928998997,174.2350221,shaggy soldier,Galinsoga quadriradiata,shaggy soldier,Plantae,56170,Plantae,Tracheophyta,Angiospermae,,Magnoliopsida,,,Asterales,,,Asteraceae,Asteroideae,,Millerieae,Galinsoginae,Galinsoga,,Galinsoga quadriradiata,,,,
353325109,2026-04-25 02:30:23 UTC,,-39.2932583333,174.2663416667,sow thistles,Sonchus,sow thistles,Plantae,53270,Plantae,Tracheophyta,Angiospermae,,Magnoliopsida,,,Asterales,,,Asteraceae,Cichorioideae,,Cichorieae,Hyoseridinae,Sonchus,,,,,,
353884460,2026-04-25 21:17:46 UTC,"",-39.0852676512,174.2789830844,,Arctotheca calendula,Capeweed,Plantae,56024,Plantae,Tracheophyta,Angiospermae,,Magnoliopsida,,,Asterales,,,Asteraceae,Vernonioideae,,Arctotideae,Arctotidinae,Arctotheca,,Arctotheca calendula,,,,
353910580,2026-04-25 03:31:00 UTC,Emily Roberts,-39.4541769,174.4091012,yarrow,Achillea millefolium,common yarrow,Plantae,52821,Plantae,Tracheophyta,Angiospermae,,Magnoliopsida,,,Asterales,,,Asteraceae,Asteroideae,,Anthemideae,Matricariinae,Achillea,,Achillea millefolium,,,,
353910624,2026-04-25 03:35:00 UTC,Emily Roberts,-39.4542039,174.4096073997,Marble leaf,Carpodetus serratus,Marble leaf,Plantae,341690,Plantae,Tracheophyta,Angiospermae,,Magnoliopsida,,,Asterales,,,Rousseaceae,,,,,Carpodetus,,Carpodetus serratus,,,,
353910625,2026-04-25 03:34:00 UTC,Emily Roberts,-39.4542039,174.4096073997,Rangiora,Brachyglottis repanda,Rangiora,Plantae,336384,Plantae,Tracheophyta,Angiospermae,,Magnoliopsida,,,Asterales,,,Asteraceae,Asteroideae,,Senecioneae,,Brachyglottis,,Brachyglottis repanda,,,,
353910736,2026-04-25 04:10:00 UTC,Emily Roberts,-39.453414,174.4140212,Common Beggarticks,Bidens frondosa,Devil's Beggarticks,Plantae,51712,Plantae,Tracheophyta,Angiospermae,,Magnoliopsida,,,Asterales,,,Asteraceae,Asteroideae,,Coreopsideae,,Bidens,,Bidens frondosa,,,,
353910803,2026-04-25 04:49:00 UTC,Emily Roberts,-39.4536859997,174.414633,Fleabanes and Horseweeds,Erigeron,fleabanes and horseweeds,Plantae,50879,Plantae,Tracheophyta,Angiospermae,,Magnoliopsida,,,Asterales,,,Asteraceae,Asteroideae,,Astereae,Conyzinae,Erigeron,,,,,,
353910828,2026-04-25 04:58:00 UTC,Emily Roberts,-39.4536342997,174.4155253,Prickly Sowthistle,Sonchus asper,prickly sowthistle,Plantae,53269,Plantae,Tracheophyta,Angiospermae,,Magnoliopsida,,,Asterales,,,Asteraceae,Cichorioideae,,Cichorieae,Hyoseridinae,Sonchus,,Sonchus asper,,,,
353916912,2026-04-25 00:02:00 UTC,Emily Roberts,-39.0381798,174.1084346,Common Sow-thistle,Sonchus oleraceus,Common Sow-thistle,Plantae,53294,Plantae,Tracheophyta,Angiospermae,,Magnoliopsida,,,Asterales,,,Asteraceae,Cichorioideae,,Cichorieae,Hyoseridinae,Sonchus,,Sonchus oleraceus,,,,
353916920,2026-04-25 00:03:00 UTC,Emily Roberts,-39.0383585,174.1098193997,German ivy,Delairea odorata,Cape-ivy,Plantae,53208,Plantae,Tracheophyta,Angiospermae,,Magnoliopsida,,,Asterales,,,Asteraceae,Asteroideae,,Senecioneae,Senecioninae,Delairea,,Delairea odorata,,,,
353946890,2026-04-24 21:30:00 UTC,Emily Roberts,-39.0599369997,174.0252027997,Korokio,Corokia cotoneaster,Korokio,Plantae,184016,Plantae,Tracheophyta,Angiospermae,,Magnoliopsida,,,Asterales,,,Argophyllaceae,,,,,Corokia,,Corokia cotoneaster,,,,
354015415,2026-04-26 00:30:00 UTC,,-39.0722913389,174.0856883025,,Farfugium japonicum,leopard-plant,Plantae,322755,Plantae,Tracheophyta,Angiospermae,,Magnoliopsida,,,Asterales,,,Asteraceae,Asteroideae,,Senecioneae,Tussilagininae,Farfugium,,Farfugium japonicum,,,,
354052418,2026-04-24 21:48:00 UTC,"",-39.0343888333,174.1134805,Gravel Groundsel,Senecio skirrhodon,Gravel Groundsel,Plantae,406024,Plantae,Tracheophyta,Angiospermae,,Magnoliopsida,,,Asterales,,,Asteraceae,Asteroideae,,Senecioneae,Senecioninae,Senecio,,Senecio skirrhodon,,,,
354101993,2026-04-23 21:31:57 UTC,Joe,-39.1684461997,174.3525338,toropapa,Alseuosmia macrophylla,toropapa,Plantae,399483,Plantae,Tracheophyta,Angiospermae,,Magnoliopsida,,,Asterales,,,Alseuosmiaceae,,,,,Alseuosmia,,Alseuosmia macrophylla,,,,
354109832,2026-04-26 04:02:01 UTC,Abby L,-39.0603472712,174.1283685341,tropical horseweed,Erigeron sumatrensis,tropical horseweed,Plantae,76943,Plantae,Tracheophyta,Angiospermae,,Magnoliopsida,,,Asterales,,,Asteraceae,Asteroideae,,Astereae,Conyzinae,Erigeron,,Erigeron sumatrensis,,,,
354121823,2026-04-26 04:21:51 UTC,Abby L,-39.06021476,174.1282645985,Thistles and Burdocks,Carduinae,Thistles and Burdocks,Plantae,632885,Plantae,Tracheophyta,Angiospermae,,Magnoliopsida,,,Asterales,,,Asteraceae,Carduoideae,,Cardueae,Carduinae,,,,,,,
354134291,2026-04-26 00:35:41 UTC,"",-39.5629125997,174.0518977,Punakura,Lobelia anceps,angled lobelia,Plantae,323829,Plantae,Tracheophyta,Angiospermae,,Magnoliopsida,,,Asterales,,,Campanulaceae,Lobelioideae,,,,Lobelia,,Lobelia anceps,,,,
354134425,2026-04-26 00:35:44 UTC,"",-39.5629125997,174.0518977,Senecio lautus,Senecio lautus,Shore Groundsel,Plantae,323168,Plantae,Tracheophyta,Angiospermae,,Magnoliopsida,,,Asterales,,,Asteraceae,Asteroideae,,Senecioneae,Senecioninae,Senecio,,Senecio lautus,,,,
354140245,2026-04-26 00:43:42 UTC,"",-39.5628503,174.0512107,Leptinella squalida,Leptinella squalida,Leptinella,Plantae,336362,Plantae,Tracheophyta,Angiospermae,,Magnoliopsida,,,Asterales,,,Asteraceae,Asteroideae,,Anthemideae,Cotulinae,Leptinella,,Leptinella squalida,,,,
354147086,2026-04-26 02:55:09 UTC,"",-39.1882307997,173.8787201,shaggy soldier,Galinsoga quadriradiata,shaggy soldier,Plantae,56170,Plantae,Tracheophyta,Angiospermae,,Magnoliopsida,,,Asterales,,,Asteraceae,Asteroideae,,Millerieae,Galinsoginae,Galinsoga,,Galinsoga quadriradiata,,,,
354149640,2026-04-26 02:40:28 UTC,,-39.0862583333,174.0867,Lawn daisy,Bellis perennis,Lawn daisy,Plantae,55563,Plantae,Tracheophyta,Angiospermae,,Magnoliopsida,,,Asterales,,,Asteraceae,Asteroideae,,Astereae,Bellidinae,Bellis,,Bellis perennis,,,,
354149775,2026-04-26 01:16:42 UTC,"",-39.5639768544,174.0540304407,rabbit-tobaccos,Pseudognaphalium,rabbit-tobaccos,Plantae,53078,Plantae,Tracheophyta,Angiospermae,,Magnoliopsida,,,Asterales,,,Asteraceae,Asteroideae,,Gnaphalieae,Gnaphaliinae,Pseudognaphalium,,,,,,
354151457,2026-04-26 01:18:01 UTC,"",-39.5628553,174.0518887,rabbit-tobaccos,Pseudognaphalium,rabbit-tobaccos,Plantae,53078,Plantae,Tracheophyta,Angiospermae,,Magnoliopsida,,,Asterales,,,Asteraceae,Asteroideae,,Gnaphalieae,Gnaphaliinae,Pseudognaphalium,,,,,,
354153210,2026-04-26 01:22:11 UTC,"",-39.5634757997,174.0535179997,Uhurere,Sonchus kirkii,New Zealand sow thistle,Plantae,406087,Plantae,Tracheophyta,Angiospermae,,Magnoliopsida,,,Asterales,,,Asteraceae,Cichorioideae,,Cichorieae,Hyoseridinae,Sonchus,,Sonchus kirkii,,,,
354153473,2026-04-26 03:32:32 UTC,Sandra,-39.0874035,174.0445250997,Rangiora,Brachyglottis repanda,Rangiora,Plantae,336384,Plantae,Tracheophyta,Angiospermae,,Magnoliopsida,,,Asterales,,,Asteraceae,Asteroideae,,Senecioneae,,Brachyglottis,,Brachyglottis repanda,,,,
354153717,2026-04-26 00:35:28 UTC,"",-39.5629125997,174.0518977,Lagenophora,Lagenophora,,Plantae,324068,Plantae,Tracheophyta,Angiospermae,,Magnoliopsida,,,Asterales,,,Asteraceae,Asteroideae,,Astereae,Lagenophorinae,Lagenophora,,,,,,
354160614,2026-04-26 02:04:20 UTC,"",-39.1905987,173.8631662997,fleabanes and horseweeds,Erigeron,fleabanes and horseweeds,Plantae,50879,Plantae,Tracheophyta,Angiospermae,,Magnoliopsida,,,Asterales,,,Asteraceae,Asteroideae,,Astereae,Conyzinae,Erigeron,,,,,,
354162986,2026-04-26 03:54:46 UTC,Sandra,-39.0906860997,174.0424514997,Akiraho,Olearia paniculata,Akiraho,Plantae,336338,Plantae,Tracheophyta,Angiospermae,,Magnoliopsida,,,Asterales,,,Asteraceae,Asteroideae,,Astereae,Celmisiinae,Olearia,,Olearia paniculata,,,,
354171120,2026-04-25 23:08:57 UTC,"",-39.0825627997,174.1019066,yarrow,Achillea millefolium,common yarrow,Plantae,52821,Plantae,Tracheophyta,Angiospermae,,Magnoliopsida,,,Asterales,,,Asteraceae,Asteroideae,,Anthemideae,Matricariinae,Achillea,,Achillea millefolium,,,,
354202986,2026-04-26 01:54:00 UTC,Emily Roberts,-39.2616678997,173.9617599,toropapa,Alseuosmia macrophylla,toropapa,Plantae,399483,Plantae,Tracheophyta,Angiospermae,,Magnoliopsida,,,Asterales,,,Alseuosmiaceae,,,,,Alseuosmia,,Alseuosmia macrophylla,,,,
354217175,2026-04-26 02:51:00 UTC,Emily Roberts,-39.2616154723,173.9659120608,pānakenake,Lobelia angulata,pānakenake,Plantae,403517,Plantae,Tracheophyta,Angiospermae,,Magnoliopsida,,,Asterales,,,Campanulaceae,Lobelioideae,,,,Lobelia,,Lobelia angulata,,,,
354460456,2026-04-25 05:15:51 UTC,Halema J,-39.0612721667,174.1049195,velvet groundsel,Roldana petasitis,velvet groundsel,Plantae,345097,Plantae,Tracheophyta,Angiospermae,,Magnoliopsida,,,Asterales,,,Asteraceae,Asteroideae,,Senecioneae,Tussilagininae,Roldana,,Roldana petasitis,,,,
354740763,2026-04-23 21:26:25 UTC,Joe,-39.1680205997,174.3529449,galinsogas,Galinsoga,galinsogas,Plantae,48177,Plantae,Tracheophyta,Angiospermae,,Magnoliopsida,,,Asterales,,,Asteraceae,Asteroideae,,Millerieae,Galinsoginae,Galinsoga,,,,,,
354741595,2026-04-23 21:23:52 UTC,Joe,-39.1677272,174.3535807,pānakenake,Lobelia angulata,pānakenake,Plantae,403517,Plantae,Tracheophyta,Angiospermae,,Magnoliopsida,,,Asterales,,,Campanulaceae,Lobelioideae,,,,Lobelia,,Lobelia angulata,,,,
354743679,2026-04-23 21:15:17 UTC,Joe,-39.1671017,174.3543995997,Cudweed,Anaphalioides trinervis,Cudweed,Plantae,399505,Plantae,Tracheophyta,Angiospermae,,Magnoliopsida,,,Asterales,,,Asteraceae,Asteroideae,,Gnaphalieae,Gnaphaliinae,Anaphalioides,,Anaphalioides trinervis,,,,
354747951,2026-04-23 20:50:46 UTC,Joe,-39.1685689997,174.3568086997,Rangiora,Brachyglottis repanda,Rangiora,Plantae,336384,Plantae,Tracheophyta,Angiospermae,,Magnoliopsida,,,Asterales,,,Asteraceae,Asteroideae,,Senecioneae,,Brachyglottis,,Brachyglottis repanda,,,,
354837121,2026-04-24 21:57:00 UTC,Kelvin Perrie,-39.1950711898,173.9999276765,Brachyglottis elaeagnifolia,Brachyglottis elaeagnifolia,,Plantae,380727,Plantae,Tracheophyta,Angiospermae,,Magnoliopsida,,,Asterales,,,Asteraceae,Asteroideae,,Senecioneae,,Brachyglottis,,Brachyglottis elaeagnifolia,,,,
354837234,2026-04-24 23:09:00 UTC,Kelvin Perrie,-39.1910416817,173.9977505189,Anaphalioides,Anaphalioides,,Plantae,336323,Plantae,Tracheophyta,Angiospermae,,Magnoliopsida,,,Asterales,,,Asteraceae,Asteroideae,,Gnaphalieae,Gnaphaliinae,Anaphalioides,,,,,,
354837387,2026-04-25 00:18:00 UTC,Kelvin Perrie,-39.1888714856,173.9939064583,Lobelias,Lobelia,Lobelias,Plantae,48039,Plantae,Tracheophyta,Angiospermae,,Magnoliopsida,,,Asterales,,,Campanulaceae,Lobelioideae,,,,Lobelia,,,,,,
354837397,2026-04-25 00:19:00 UTC,Kelvin Perrie,-39.1888714856,173.9939064583,Cudweed,Anaphalioides trinervis,Cudweed,Plantae,399505,Plantae,Tracheophyta,Angiospermae,,Magnoliopsida,,,Asterales,,,Asteraceae,Asteroideae,,Gnaphalieae,Gnaphaliinae,Anaphalioides,,Anaphalioides trinervis,,,,
354841980,2026-04-26 23:18:17 UTC,,-39.29845047,174.186706543,Kirk's tree daisy,Brachyglottis kirkii,Kirk's tree daisy,Plantae,400080,Plantae,Tracheophyta,Angiospermae,,Magnoliopsida,,,Asterales,,,Asteraceae,Asteroideae,,Senecioneae,,Brachyglottis,,Brachyglottis kirkii,,,,
354861112,2026-04-26 19:51:19 UTC,Halema J,-39.0232583333,174.1440583333,"",Centipeda cunninghamii,Common Sneezeweed,Plantae,634407,Plantae,Tracheophyta,Angiospermae,,Magnoliopsida,,,Asterales,,,Asteraceae,Asteroideae,,Athroismeae,Symphyllocarpinae,Centipeda,,Centipeda cunninghamii,,,,
354862008,2026-04-26 19:34:18 UTC,Halema J,-39.0228721667,174.1457361667,yarrow,Achillea millefolium,common yarrow,Plantae,52821,Plantae,Tracheophyta,Angiospermae,,Magnoliopsida,,,Asterales,,,Asteraceae,Asteroideae,,Anthemideae,Matricariinae,Achillea,,Achillea millefolium,,,,
354862292,2026-04-26 19:52:28 UTC,Halema J,-39.0231971667,174.1440721667,"",Pseudognaphalium luteoalbum,Jersey Cudweed,Plantae,53083,Plantae,Tracheophyta,Angiospermae,,Magnoliopsida,,,Asterales,,,Asteraceae,Asteroideae,,Gnaphalieae,Gnaphaliinae,Pseudognaphalium,,Pseudognaphalium luteoalbum,,,,
354862891,2026-04-26 19:53:10 UTC,Halema J,-39.0231971667,174.1440721667,"",Bidens frondosa,Devil's Beggarticks,Plantae,51712,Plantae,Tracheophyta,Angiospermae,,Magnoliopsida,,,Asterales,,,Asteraceae,Asteroideae,,Coreopsideae,,Bidens,,Bidens frondosa,,,,
354867938,2026-04-26 22:06:41 UTC,,-39.1365577282,173.9653035403,Rangiora,Brachyglottis repanda,Rangiora,Plantae,336384,Plantae,Tracheophyta,Angiospermae,,Magnoliopsida,,,Asterales,,,Asteraceae,Asteroideae,,Senecioneae,,Brachyglottis,,Brachyglottis repanda,,,,
354897670,2026-04-27 00:43:41 UTC,Abby L,-39.0543400263,174.1051188949,Jersey Cudweed,Pseudognaphalium luteoalbum,Jersey Cudweed,Plantae,53083,Plantae,Tracheophyta,Angiospermae,,Magnoliopsida,,,Asterales,,,Asteraceae,Asteroideae,,Gnaphalieae,Gnaphaliinae,Pseudognaphalium,,Pseudognaphalium luteoalbum,,,,
354900011,2026-04-26 23:08:36 UTC,Sandra,-39.2984615,174.1860591997,Alseuosmia pusilla,Alseuosmia pusilla,,Plantae,366638,Plantae,Tracheophyta,Angiospermae,,Magnoliopsida,,,Asterales,,,Alseuosmiaceae,,,,,Alseuosmia,,Alseuosmia pusilla,,,,
354951908,2026-04-26 21:25:06 UTC,,-38.9148678292,174.4935159307,hawkbits,Leontodon,hawkbits,Plantae,60145,Plantae,Tracheophyta,Angiospermae,,Magnoliopsida,,,Asterales,,,Asteraceae,Cichorioideae,,Cichorieae,Hypochaeridinae,Leontodon,,,,,,
355011599,2026-04-25 02:50:00 UTC,Kelvin Perrie,-39.1937898148,173.9951405757,Scotch Thistle,Cirsium vulgare,Bull Thistle,Plantae,52989,Plantae,Tracheophyta,Angiospermae,,Magnoliopsida,,,Asterales,,,Asteraceae,Carduoideae,,Cardueae,Carduinae,Cirsium,,Cirsium vulgare,,,,
355011609,2026-04-25 02:54:00 UTC,Kelvin Perrie,-39.1945964534,173.9963120822,Hairy Hawkbit,Leontodon saxatilis,Hairy Hawkbit,Plantae,60973,Plantae,Tracheophyta,Angiospermae,,Magnoliopsida,,,Asterales,,,Asteraceae,Cichorioideae,,Cichorieae,Hypochaeridinae,Leontodon,,Leontodon saxatilis,,,,
355011611,2026-04-25 02:54:00 UTC,Kelvin Perrie,-39.1945964534,173.9963120822,pānakenake,Lobelia angulata,pānakenake,Plantae,403517,Plantae,Tracheophyta,Angiospermae,,Magnoliopsida,,,Asterales,,,Campanulaceae,Lobelioideae,,,,Lobelia,,Lobelia angulata,,,,
355011627,2026-04-25 02:59:00 UTC,Kelvin Perrie,-39.1951848569,173.9969873705,pānakenake,Lobelia angulata,pānakenake,Plantae,403517,Plantae,Tracheophyta,Angiospermae,,Magnoliopsida,,,Asterales,,,Campanulaceae,Lobelioideae,,,,Lobelia,,Lobelia angulata,,,,
355042661,2026-04-26 23:59:52 UTC,Kelsi Bayly,-39.2977119997,174.0898304,Leptinella,Leptinella squalida,Leptinella,Plantae,336362,Plantae,Tracheophyta,Angiospermae,,Magnoliopsida,,,Asterales,,,Asteraceae,Asteroideae,,Anthemideae,Cotulinae,Leptinella,,Leptinella squalida,,,,
355047888,2026-04-26 02:33:24 UTC,Bernadette Keating,-39.2733351506,174.093451228,Tauhinu,Ozothamnus leptophyllus,Tauhinu,Plantae,349798,Plantae,Tracheophyta,Angiospermae,,Magnoliopsida,,,Asterales,,,Asteraceae,Asteroideae,,Gnaphalieae,Gnaphaliinae,Ozothamnus,,Ozothamnus leptophyllus,,,,
355048358,2026-04-26 02:23:33 UTC,Bernadette Keating,-39.2805438298,174.0836546366,pānakenake,Lobelia angulata,pānakenake,Plantae,403517,Plantae,Tracheophyta,Angiospermae,,Magnoliopsida,,,Asterales,,,Campanulaceae,Lobelioideae,,,,Lobelia,,Lobelia angulata,,,,
355048587,2026-04-26 23:21:57 UTC,Kelsi Bayly,-39.3996875328,174.1301193311,Celmisia major brevis,Celmisia major brevis,,Plantae,412147,Plantae,Tracheophyta,Angiospermae,,Magnoliopsida,,,Asterales,,,Asteraceae,Asteroideae,,Astereae,Celmisiinae,Celmisia,,Celmisia major,,,Celmisia major brevis,
355060245,2026-04-25 21:55:00 UTC,Kelvin Perrie,-39.1136948513,173.951600163,"cudweeds, everlastings, and pussytoes",Gnaphaliinae,"cudweeds, everlastings, and pussytoes",Plantae,1410494,Plantae,Tracheophyta,Angiospermae,,Magnoliopsida,,,Asterales,,,Asteraceae,Asteroideae,,Gnaphalieae,Gnaphaliinae,,,,,,,
355060250,2026-04-25 21:58:00 UTC,Kelvin Perrie,-39.1129872689,173.9527696062,yarrow,Achillea millefolium,common yarrow,Plantae,52821,Plantae,Tracheophyta,Angiospermae,,Magnoliopsida,,,Asterales,,,Asteraceae,Asteroideae,,Anthemideae,Matricariinae,Achillea,,Achillea millefolium,,,,
355060260,2026-04-25 22:07:00 UTC,Kelvin Perrie,-39.1114726723,173.9553438821,"Lettuce, Chicory, Dandelion and Salsify Tribe",Cichorieae,"Lettuce, Chicory, Dandelion and Salsify Tribe",Plantae,359450,Plantae,Tracheophyta,Angiospermae,,Magnoliopsida,,,Asterales,,,Asteraceae,Cichorioideae,,Cichorieae,,,,,,,,
355063912,2026-04-25 22:11:00 UTC,Kelvin Perrie,-39.1114851739,173.9555641962,Trailing Treasureflower,Gazania rigens,Trailing Treasureflower,Plantae,884843,Plantae,Tracheophyta,Angiospermae,,Magnoliopsida,,,Asterales,,,Asteraceae,Vernonioideae,,Arctotideae,Gorteriinae,Gazania,,Gazania rigens,,,,
355069926,2026-04-25 22:36:00 UTC,Kelvin Perrie,-39.1155015504,173.9578515479,English daisy,Bellis perennis,Lawn daisy,Plantae,55563,Plantae,Tracheophyta,Angiospermae,,Magnoliopsida,,,Asterales,,,Asteraceae,Asteroideae,,Astereae,Bellidinae,Bellis,,Bellis perennis,,,,
355069933,2026-04-25 22:39:00 UTC,Kelvin Perrie,-39.1164056365,173.9579392481,German ivy,Delairea odorata,Cape-ivy,Plantae,53208,Plantae,Tracheophyta,Angiospermae,,Magnoliopsida,,,Asterales,,,Asteraceae,Asteroideae,,Senecioneae,Senecioninae,Delairea,,Delairea odorata,,,,
355069947,2026-04-25 22:40:00 UTC,Kelvin Perrie,-39.1167129312,173.9580893846,fleabanes and horseweeds,Erigeron,fleabanes and horseweeds,Plantae,50879,Plantae,Tracheophyta,Angiospermae,,Magnoliopsida,,,Asterales,,,Asteraceae,Asteroideae,,Astereae,Conyzinae,Erigeron,,,,,,
355069971,2026-04-25 22:46:00 UTC,Kelvin Perrie,-39.1177174842,173.9579087832,Burweeds and Allies,Soliva,burweeds and allies,Plantae,60151,Plantae,Tracheophyta,Angiospermae,,Magnoliopsida,,,Asterales,,,Asteraceae,Asteroideae,,Anthemideae,Cotulinae,Soliva,,,,,,
355069972,2026-04-25 22:47:00 UTC,Kelvin Perrie,-39.1177174842,173.9579087832,yarrow,Achillea millefolium,common yarrow,Plantae,52821,Plantae,Tracheophyta,Angiospermae,,Magnoliopsida,,,Asterales,,,Asteraceae,Asteroideae,,Anthemideae,Matricariinae,Achillea,,Achillea millefolium,,,,
355069976,2026-04-25 22:51:00 UTC,Kelvin Perrie,-39.117955423,173.9578563999,Common Sow-thistle,Sonchus oleraceus,Common Sow-thistle,Plantae,53294,Plantae,Tracheophyta,Angiospermae,,Magnoliopsida,,,Asterales,,,Asteraceae,Cichorioideae,,Cichorieae,Hyoseridinae,Sonchus,,Sonchus oleraceus,,,,
355069983,2026-04-25 22:56:00 UTC,Kelvin Perrie,-39.1175116655,173.9548558665,Mexican daisy,Erigeron karvinskianus,Mexican Fleabane,Plantae,76923,Plantae,Tracheophyta,Angiospermae,,Magnoliopsida,,,Asterales,,,Asteraceae,Asteroideae,,Astereae,Conyzinae,Erigeron,,Erigeron karvinskianus,,,,
355090211,2026-04-23 20:55:00 UTC,,-39.16859329,174.356554983,Mexican Fleabane,Erigeron karvinskianus,Mexican Fleabane,Plantae,76923,Plantae,Tracheophyta,Angiospermae,,Magnoliopsida,,,Asterales,,,Asteraceae,Asteroideae,,Astereae,Conyzinae,Erigeron,,Erigeron karvinskianus,,,,
355090262,2026-04-23 21:26:00 UTC,,-39.1672075018,174.3542648116,ragwort,Jacobaea vulgaris,ragwort,Plantae,62498,Plantae,Tracheophyta,Angiospermae,,Magnoliopsida,,,Asterales,,,Asteraceae,Asteroideae,,Senecioneae,Senecioninae,Jacobaea,,Jacobaea vulgaris,,,,
355090333,2026-04-23 22:18:00 UTC,,-39.166193789,174.3523791771,Cirsium,Cirsium,Plume Thistles,Plantae,48561,Plantae,Tracheophyta,Angiospermae,,Magnoliopsida,,,Asterales,,,Asteraceae,Carduoideae,,Cardueae,Carduinae,Cirsium,,,,,,
355090369,2026-04-23 22:23:00 UTC,,-39.1634228368,174.3537760453,ragwort,Jacobaea vulgaris,ragwort,Plantae,62498,Plantae,Tracheophyta,Angiospermae,,Magnoliopsida,,,Asterales,,,Asteraceae,Asteroideae,,Senecioneae,Senecioninae,Jacobaea,,Jacobaea vulgaris,,,,
355090449,2026-04-24 01:07:00 UTC,,-39.1624055368,174.3535891727,Marble leaf,Carpodetus serratus,Marble leaf,Plantae,341690,Plantae,Tracheophyta,Angiospermae,,Magnoliopsida,,,Asterales,,,Rousseaceae,,,,,Carpodetus,,Carpodetus serratus,,,,
355090639,2026-04-24 20:45:00 UTC,,-38.9990604997,174.2405468,velvet groundsel,Roldana petasitis,velvet groundsel,Plantae,345097,Plantae,Tracheophyta,Angiospermae,,Magnoliopsida,,,Asterales,,,Asteraceae,Asteroideae,,Senecioneae,Tussilagininae,Roldana,,Roldana petasitis,,,,
355092328,2026-04-27 04:01:14 UTC,"",-39.3575147,174.142738,putaputawētā,Carpodetus serratus,Marble leaf,Plantae,341690,Plantae,Tracheophyta,Angiospermae,,Magnoliopsida,,,Asterales,,,Rousseaceae,,,,,Carpodetus,,Carpodetus serratus,,,,
355106913,2026-04-26 01:16:00 UTC,Kelvin Perrie,-39.0586853053,174.0497657059,Trailing Treasureflower,Gazania rigens,Trailing Treasureflower,Plantae,884843,Plantae,Tracheophyta,Angiospermae,,Magnoliopsida,,,Asterales,,,Asteraceae,Vernonioideae,,Arctotideae,Gorteriinae,Gazania,,Gazania rigens,,,,
355109473,2026-04-26 20:34:00 UTC,Emily Roberts,-39.4019277,173.7929565997,Red-purple Ragwort,Senecio elegans,Red-purple Ragwort,Plantae,79044,Plantae,Tracheophyta,Angiospermae,,Magnoliopsida,,,Asterales,,,Asteraceae,Asteroideae,,Senecioneae,Senecioninae,Senecio,,Senecio elegans,,,,
355111134,2026-04-26 04:36:00 UTC,Kelvin Perrie,-39.1190235854,173.9551628835,yarrow,Achillea millefolium,common yarrow,Plantae,52821,Plantae,Tracheophyta,Angiospermae,,Magnoliopsida,,,Asterales,,,Asteraceae,Asteroideae,,Anthemideae,Matricariinae,Achillea,,Achillea millefolium,,,,
355111150,2026-04-26 04:58:00 UTC,Kelvin Perrie,-39.1249352423,173.959691065,Californian thistle,Cirsium arvense,creeping thistle,Plantae,60132,Plantae,Tracheophyta,Angiospermae,,Magnoliopsida,,,Asterales,,,Asteraceae,Carduoideae,,Cardueae,Carduinae,Cirsium,,Cirsium arvense,,,,
355114212,2026-04-26 20:56:00 UTC,Emily Roberts,-39.4069318997,173.7920095,Common Sow-thistle,Sonchus oleraceus,Common Sow-thistle,Plantae,53294,Plantae,Tracheophyta,Angiospermae,,Magnoliopsida,,,Asterales,,,Asteraceae,Cichorioideae,,Cichorieae,Hyoseridinae,Sonchus,,Sonchus oleraceus,,,,
355114214,2026-04-26 20:57:00 UTC,Emily Roberts,-39.4069318997,173.7920095,Sow Thistles,Sonchus,sow thistles,Plantae,53270,Plantae,Tracheophyta,Angiospermae,,Magnoliopsida,,,Asterales,,,Asteraceae,Cichorioideae,,Cichorieae,Hyoseridinae,Sonchus,,,,,,
355114230,2026-04-26 21:08:00 UTC,Emily Roberts,-39.406927,173.7919031,Punakuru,Lobelia anceps,angled lobelia,Plantae,323829,Plantae,Tracheophyta,Angiospermae,,Magnoliopsida,,,Asterales,,,Campanulaceae,Lobelioideae,,,,Lobelia,,Lobelia anceps,,,,
355114254,2026-04-26 21:10:00 UTC,Emily Roberts,-39.4069289333,173.791872925,Selliera,Goodenia radicans,Selliera,Plantae,1497018,Plantae,Tracheophyta,Angiospermae,,Magnoliopsida,,,Asterales,,,Goodeniaceae,,,,,Goodenia,,Goodenia radicans,,,,
355114265,2026-04-26 20:57:00 UTC,Emily Roberts,-39.4069261856,173.7919100793,Selliera,Goodenia radicans,Selliera,Plantae,1497018,Plantae,Tracheophyta,Angiospermae,,Magnoliopsida,,,Asterales,,,Goodeniaceae,,,,,Goodenia,,Goodenia radicans,,,,
355114270,2026-04-26 21:00:00 UTC,Emily Roberts,-39.4069267785,173.7919100793,Selliera,Goodenia radicans,Selliera,Plantae,1497018,Plantae,Tracheophyta,Angiospermae,,Magnoliopsida,,,Asterales,,,Goodeniaceae,,,,,Goodenia,,Goodenia radicans,,,,
355119611,2026-04-26 21:13:00 UTC,Emily Roberts,-39.4068407972,173.7916854222,Punakuru,Lobelia anceps,angled lobelia,Plantae,323829,Plantae,Tracheophyta,Angiospermae,,Magnoliopsida,,,Asterales,,,Campanulaceae,Lobelioideae,,,,Lobelia,,Lobelia anceps,,,,
355119619,2026-04-26 21:17:00 UTC,Emily Roberts,-39.4068248,173.7918779997,Uhurere,Sonchus kirkii,New Zealand sow thistle,Plantae,406087,Plantae,Tracheophyta,Angiospermae,,Magnoliopsida,,,Asterales,,,Asteraceae,Cichorioideae,,Cichorieae,Hyoseridinae,Sonchus,,Sonchus kirkii,,,,
355119639,2026-04-26 21:29:00 UTC,Emily Roberts,-39.4068910928,173.7919637236,Punakuru,Lobelia anceps,angled lobelia,Plantae,323829,Plantae,Tracheophyta,Angiospermae,,Magnoliopsida,,,Asterales,,,Campanulaceae,Lobelioideae,,,,Lobelia,,Lobelia anceps,,,,
355119643,2026-04-26 21:33:00 UTC,Emily Roberts,-39.4068900566,173.7919087383,Selliera,Goodenia radicans,Selliera,Plantae,1497018,Plantae,Tracheophyta,Angiospermae,,Magnoliopsida,,,Asterales,,,Goodeniaceae,,,,,Goodenia,,Goodenia radicans,,,,
355119644,2026-04-26 21:33:00 UTC,Emily Roberts,-39.406901455,173.791892645,Miniature Brass-Buttons,Leptinella,miniature brass-buttons,Plantae,379070,Plantae,Tracheophyta,Angiospermae,,Magnoliopsida,,,Asterales,,,Asteraceae,Asteroideae,,Anthemideae,Cotulinae,Leptinella,,,,,,
355119655,2026-04-26 21:37:00 UTC,Emily Roberts,-39.4068848756,173.7919141027,Selliera,Goodenia,goodenias,Plantae,210191,Plantae,Tracheophyta,Angiospermae,,Magnoliopsida,,,Asterales,,,Goodeniaceae,,,,,Goodenia,,,,,,
355119658,2026-04-26 21:37:00 UTC,Emily Roberts,-39.4068973101,173.791904715,Selliera,Goodenia radicans,Selliera,Plantae,1497018,Plantae,Tracheophyta,Angiospermae,,Magnoliopsida,,,Asterales,,,Goodeniaceae,,,,,Goodenia,,Goodenia radicans,,,,
355119659,2026-04-26 21:39:00 UTC,Emily Roberts,-39.406886948,173.7919409248,Selliera,Goodenia radicans,Selliera,Plantae,1497018,Plantae,Tracheophyta,Angiospermae,,Magnoliopsida,,,Asterales,,,Goodeniaceae,,,,,Goodenia,,Goodenia radicans,,,,
355120542,2026-04-26 21:06:00 UTC,Kelvin Perrie,-39.1169645192,173.9479594553,Corn Marigold,Glebionis segetum,Corn Marigold,Plantae,77281,Plantae,Tracheophyta,Angiospermae,,Magnoliopsida,,,Asterales,,,Asteraceae,Asteroideae,,Anthemideae,Glebionidinae,Glebionis,,Glebionis segetum,,,,
355120549,2026-04-26 21:07:00 UTC,Kelvin Perrie,-39.1169645192,173.9479594553,Asteroideae,Asteroideae,,Plantae,632790,Plantae,Tracheophyta,Angiospermae,,Magnoliopsida,,,Asterales,,,Asteraceae,Asteroideae,,,,,,,,,,
355120622,2026-04-26 21:13:00 UTC,Kelvin Perrie,-39.1171934308,173.9484959037,Scotch Thistle,Cirsium vulgare,Bull Thistle,Plantae,52989,Plantae,Tracheophyta,Angiospermae,,Magnoliopsida,,,Asterales,,,Asteraceae,Carduoideae,,Cardueae,Carduinae,Cirsium,,Cirsium vulgare,,,,
355120629,2026-04-26 21:14:00 UTC,Kelvin Perrie,-39.1171934308,173.9484959037,Brachyglottis greyi,Brachyglottis greyi,,Plantae,400069,Plantae,Tracheophyta,Angiospermae,,Magnoliopsida,,,Asterales,,,Asteraceae,Asteroideae,,Senecioneae,,Brachyglottis,,Brachyglottis greyi,,,,
355120656,2026-04-26 21:18:00 UTC,Kelvin Perrie,-39.1169327121,173.9486005102,bristly oxtongue,Helminthotheca echioides,bristly oxtongue,Plantae,61906,Plantae,Tracheophyta,Angiospermae,,Magnoliopsida,,,Asterales,,,Asteraceae,Cichorioideae,,Cichorieae,Hypochaeridinae,Helminthotheca,,Helminthotheca echioides,,,,
355125987,2026-04-26 21:57:00 UTC,Emily Roberts,-39.407612,173.791939,Catsear,Hypochaeris radicata,Common Cat's-ear,Plantae,53104,Plantae,Tracheophyta,Angiospermae,,Magnoliopsida,,,Asterales,,,Asteraceae,Cichorioideae,,Cichorieae,Hypochaeridinae,Hypochaeris,,Hypochaeris radicata,,,,
355126007,2026-04-26 21:47:00 UTC,Emily Roberts,-39.4070543719,173.791966667,Selliera,Goodenia,goodenias,Plantae,210191,Plantae,Tracheophyta,Angiospermae,,Magnoliopsida,,,Asterales,,,Goodeniaceae,,,,,Goodenia,,,,,,
355126018,2026-04-26 21:48:00 UTC,Emily Roberts,-39.4070521592,173.7919834941,Leptinella,Leptinella squalida,Leptinella,Plantae,336362,Plantae,Tracheophyta,Angiospermae,,Magnoliopsida,,,Asterales,,,Asteraceae,Asteroideae,,Anthemideae,Cotulinae,Leptinella,,Leptinella squalida,,,,
355126040,2026-04-26 22:05:00 UTC,Emily Roberts,-39.4076045982,173.7919800781,Selliera,Goodenia,goodenias,Plantae,210191,Plantae,Tracheophyta,Angiospermae,,Magnoliopsida,,,Asterales,,,Goodeniaceae,,,,,Goodenia,,,,,,
355148117,2026-04-27 04:16:02 UTC,Naomi Puketapu-Waite,-39.359845,174.1397695,Leptinella,Leptinella squalida,Leptinella,Plantae,336362,Plantae,Tracheophyta,Angiospermae,,Magnoliopsida,,,Asterales,,,Asteraceae,Asteroideae,,Anthemideae,Cotulinae,Leptinella,,Leptinella squalida,,,,
355154934,2026-04-26 23:19:49 UTC,Kelsi Bayly,-39.2894100997,174.0826403,Smooth Mat Daisy,Raoulia glabra,Smooth Mat Daisy,Plantae,405627,Plantae,Tracheophyta,Angiospermae,,Magnoliopsida,,,Asterales,,,Asteraceae,Asteroideae,,Gnaphalieae,Gnaphaliinae,Raoulia,,Raoulia glabra,,,,
355155784,2026-04-26 23:19:33 UTC,Kelsi Bayly,-39.2894100997,174.0826403,mat daisy,Raoulia tenuicaulis,mat daisy,Plantae,405637,Plantae,Tracheophyta,Angiospermae,,Magnoliopsida,,,Asterales,,,Asteraceae,Asteroideae,,Gnaphalieae,Gnaphaliinae,Raoulia,,Raoulia tenuicaulis,,,,
355155892,2026-04-27 04:00:00 UTC,Emily Roberts,-39.2194215653,173.7786785966,Selliera,Goodenia,goodenias,Plantae,210191,Plantae,Tracheophyta,Angiospermae,,Magnoliopsida,,,Asterales,,,Goodeniaceae,,,,,Goodenia,,,,,,
355156786,2026-04-26 23:19:05 UTC,Kelsi Bayly,-39.2893432997,174.0826001,Egmont Bog Mountain Daisy,Celmisia glandulosa latifolia,Egmont Bog Mountain Daisy,Plantae,412149,Plantae,Tracheophyta,Angiospermae,,Magnoliopsida,,,Asterales,,,Asteraceae,Asteroideae,,Astereae,Celmisiinae,Celmisia,,Celmisia glandulosa,,,Celmisia glandulosa latifolia,
355157523,2026-04-26 23:18:49 UTC,Kelsi Bayly,-39.2893432997,174.0826001,Asteroideae,Asteroideae,,Plantae,632790,Plantae,Tracheophyta,Angiospermae,,Magnoliopsida,,,Asterales,,,Asteraceae,Asteroideae,,,,,,,,,,
355167058,2026-04-26 21:28:32 UTC,Kelsi Bayly,-39.3039366,174.0907535997,Brachyglottis elaeagnifolia,Brachyglottis elaeagnifolia,,Plantae,380727,Plantae,Tracheophyta,Angiospermae,,Magnoliopsida,,,Asterales,,,Asteraceae,Asteroideae,,Senecioneae,,Brachyglottis,,Brachyglottis elaeagnifolia,,,,
355178459,2026-04-26 22:59:00 UTC,Emily Roberts,-39.2769332,173.7522468997,Selliera,Goodenia radicans,Selliera,Plantae,1497018,Plantae,Tracheophyta,Angiospermae,,Magnoliopsida,,,Asterales,,,Goodeniaceae,,,,,Goodenia,,Goodenia radicans,,,,
355178480,2026-04-26 23:03:00 UTC,Emily Roberts,-39.2764505997,173.7523639,Selliera,Goodenia radicans,Selliera,Plantae,1497018,Plantae,Tracheophyta,Angiospermae,,Magnoliopsida,,,Asterales,,,Goodeniaceae,,,,,Goodenia,,Goodenia radicans,,,,
355178508,2026-04-26 23:09:00 UTC,Emily Roberts,-39.2773632,173.7522415997,Selliera,Goodenia radicans,Selliera,Plantae,1497018,Plantae,Tracheophyta,Angiospermae,,Magnoliopsida,,,Asterales,,,Goodeniaceae,,,,,Goodenia,,Goodenia radicans,,,,
355178523,2026-04-26 23:10:00 UTC,Emily Roberts,-39.2774171,173.7522136,Selliera,Goodenia radicans,Selliera,Plantae,1497018,Plantae,Tracheophyta,Angiospermae,,Magnoliopsida,,,Asterales,,,Goodeniaceae,,,,,Goodenia,,Goodenia radicans,,,,
355178528,2026-04-26 23:13:00 UTC,Emily Roberts,-39.2776466997,173.7521307,Selliera,Goodenia radicans,Selliera,Plantae,1497018,Plantae,Tracheophyta,Angiospermae,,Magnoliopsida,,,Asterales,,,Goodeniaceae,,,,,Goodenia,,Goodenia radicans,,,,
355178557,2026-04-26 23:24:00 UTC,Emily Roberts,-39.2780983997,173.7518622,Selliera,Goodenia radicans,Selliera,Plantae,1497018,Plantae,Tracheophyta,Angiospermae,,Magnoliopsida,,,Asterales,,,Goodeniaceae,,,,,Goodenia,,Goodenia radicans,,,,
355178583,2026-04-27 00:03:00 UTC,Emily Roberts,-39.2794002997,173.7516993,Punakuru,Lobelia anceps,angled lobelia,Plantae,323829,Plantae,Tracheophyta,Angiospermae,,Magnoliopsida,,,Asterales,,,Campanulaceae,Lobelioideae,,,,Lobelia,,Lobelia anceps,,,,
355178593,2026-04-27 00:10:00 UTC,Emily Roberts,-39.2799547997,173.7517028997,Punakuru,Lobelia anceps,angled lobelia,Plantae,323829,Plantae,Tracheophyta,Angiospermae,,Magnoliopsida,,,Asterales,,,Campanulaceae,Lobelioideae,,,,Lobelia,,Lobelia anceps,,,,
355178612,2026-04-27 00:24:00 UTC,Emily Roberts,-39.2824225997,173.7522051997,Selliera,Goodenia radicans,Selliera,Plantae,1497018,Plantae,Tracheophyta,Angiospermae,,Magnoliopsida,,,Asterales,,,Goodeniaceae,,,,,Goodenia,,Goodenia radicans,,,,
355178624,2026-04-27 00:27:00 UTC,Emily Roberts,-39.2828258997,173.7523578997,Selliera,Goodenia radicans,Selliera,Plantae,1497018,Plantae,Tracheophyta,Angiospermae,,Magnoliopsida,,,Asterales,,,Goodeniaceae,,,,,Goodenia,,Goodenia radicans,,,,
355178632,2026-04-27 00:34:00 UTC,Emily Roberts,-39.2838884,173.7526230997,Catsear,Hypochaeris radicata,Common Cat's-ear,Plantae,53104,Plantae,Tracheophyta,Angiospermae,,Magnoliopsida,,,Asterales,,,Asteraceae,Cichorioideae,,Cichorieae,Hypochaeridinae,Hypochaeris,,Hypochaeris radicata,,,,
355178655,2026-04-27 00:38:00 UTC,Emily Roberts,-39.2844814997,173.7528278,Punakuru,Lobelia anceps,angled lobelia,Plantae,323829,Plantae,Tracheophyta,Angiospermae,,Magnoliopsida,,,Asterales,,,Campanulaceae,Lobelioideae,,,,Lobelia,,Lobelia anceps,,,,
355178661,2026-04-27 00:39:00 UTC,Emily Roberts,-39.2845014997,173.7528145997,Punakuru,Lobelia anceps,angled lobelia,Plantae,323829,Plantae,Tracheophyta,Angiospermae,,Magnoliopsida,,,Asterales,,,Campanulaceae,Lobelioideae,,,,Lobelia,,Lobelia anceps,,,,
355178662,2026-04-27 00:42:00 UTC,Emily Roberts,-39.2846224997,173.7528042,Punakuru,Lobelia anceps,angled lobelia,Plantae,323829,Plantae,Tracheophyta,Angiospermae,,Magnoliopsida,,,Asterales,,,Campanulaceae,Lobelioideae,,,,Lobelia,,Lobelia anceps,,,,
355178663,2026-04-27 00:40:00 UTC,Emily Roberts,-39.2846557,173.7528403,Selliera,Goodenia radicans,Selliera,Plantae,1497018,Plantae,Tracheophyta,Angiospermae,,Magnoliopsida,,,Asterales,,,Goodeniaceae,,,,,Goodenia,,Goodenia radicans,,,,
355178671,2026-04-27 00:54:00 UTC,Emily Roberts,-39.2849076997,173.7529895,Hairy Hawkbit,Leontodon saxatilis,Hairy Hawkbit,Plantae,60973,Plantae,Tracheophyta,Angiospermae,,Magnoliopsida,,,Asterales,,,Asteraceae,Cichorioideae,,Cichorieae,Hypochaeridinae,Leontodon,,Leontodon saxatilis,,,,
355179255,2026-04-25 03:04:19 UTC,Kelsi Bayly,-39.3154122997,174.2373303997,Tall Fleabane,Erigeron floribundus,Tall Fleabane,Plantae,370092,Plantae,Tracheophyta,Angiospermae,,Magnoliopsida,,,Asterales,,,Asteraceae,Asteroideae,,Astereae,Conyzinae,Erigeron,,Erigeron floribundus,,,,
355203264,2026-04-26 23:23:00 UTC,Emily Roberts,-39.277426607,173.752141313,Selliera,Goodenia radicans,Selliera,Plantae,1497018,Plantae,Tracheophyta,Angiospermae,,Magnoliopsida,,,Asterales,,,Goodeniaceae,,,,,Goodenia,,Goodenia radicans,,,,
355203275,2026-04-26 23:35:00 UTC,Emily Roberts,-39.2776489059,173.7520513861,Selliera,Goodenia radicans,Selliera,Plantae,1497018,Plantae,Tracheophyta,Angiospermae,,Magnoliopsida,,,Asterales,,,Goodeniaceae,,,,,Goodenia,,Goodenia radicans,,,,
355203286,2026-04-26 23:42:00 UTC,Emily Roberts,-39.2776806491,173.7520310097,Selliera,Goodenia,goodenias,Plantae,210191,Plantae,Tracheophyta,Angiospermae,,Magnoliopsida,,,Asterales,,,Goodeniaceae,,,,,Goodenia,,,,,,
355203319,2026-04-27 00:04:00 UTC,Emily Roberts,-39.2793663953,173.7516285522,Selliera,Goodenia radicans,Selliera,Plantae,1497018,Plantae,Tracheophyta,Angiospermae,,Magnoliopsida,,,Asterales,,,Goodeniaceae,,,,,Goodenia,,Goodenia radicans,,,,
355203359,2026-04-27 01:16:00 UTC,Emily Roberts,-39.2878084641,173.7541330493,Selliera,Goodenia radicans,Selliera,Plantae,1497018,Plantae,Tracheophyta,Angiospermae,,Magnoliopsida,,,Asterales,,,Goodeniaceae,,,,,Goodenia,,Goodenia radicans,,,,
355203387,2026-04-27 01:36:00 UTC,Emily Roberts,-39.2877787112,173.7542311619,Selliera,Goodenia,goodenias,Plantae,210191,Plantae,Tracheophyta,Angiospermae,,Magnoliopsida,,,Asterales,,,Goodeniaceae,,,,,Goodenia,,,,,,
355582899,2026-04-27 05:51:20 UTC,"",-39.1286008,174.018955,chicory,Cichorium intybus,chicory,Plantae,52913,Plantae,Tracheophyta,Angiospermae,,Magnoliopsida,,,Asterales,,,Asteraceae,Cichorioideae,,Cichorieae,Cichoriinae,Cichorium,,Cichorium intybus,,,,
355646975,2026-04-23 22:23:00 UTC,David Munro,-39.0928812,174.0424529997,Tropical Horseweed,Erigeron sumatrensis,tropical horseweed,Plantae,76943,Plantae,Tracheophyta,Angiospermae,,Magnoliopsida,,,Asterales,,,Asteraceae,Asteroideae,,Astereae,Conyzinae,Erigeron,,Erigeron sumatrensis,,,,
355654455,2026-04-23 22:50:00 UTC,David Munro,-39.0911945,174.0429383997,Common Beggarticks,Bidens frondosa,Devil's Beggarticks,Plantae,51712,Plantae,Tracheophyta,Angiospermae,,Magnoliopsida,,,Asterales,,,Asteraceae,Asteroideae,,Coreopsideae,,Bidens,,Bidens frondosa,,,,
355654540,2026-04-23 23:28:00 UTC,David Munro,-39.0906115,174.0391075997,Californian Thistle,Cirsium arvense,creeping thistle,Plantae,60132,Plantae,Tracheophyta,Angiospermae,,Magnoliopsida,,,Asterales,,,Asteraceae,Carduoideae,,Cardueae,Carduinae,Cirsium,,Cirsium arvense,,,,
355673024,2026-04-26 23:17:51 UTC,Kelsi Bayly,-39.2893594,174.0825984997,Anaphalioides alpina,Anaphalioides alpina,,Plantae,399521,Plantae,Tracheophyta,Angiospermae,,Magnoliopsida,,,Asterales,,,Asteraceae,Asteroideae,,Gnaphalieae,Gnaphaliinae,Anaphalioides,,Anaphalioides alpina,,,,
355723714,2026-04-26 23:30:00 UTC,Kelvin Perrie,-39.11577121,173.9522358189,Soldier's buttons,Cotula australis,Common Cotula,Plantae,53025,Plantae,Tracheophyta,Angiospermae,,Magnoliopsida,,,Asterales,,,Asteraceae,Asteroideae,,Anthemideae,Cotulinae,Cotula,,Cotula australis,,,,
355723739,2026-04-26 23:41:00 UTC,Kelvin Perrie,-39.11577121,173.9522358189,Common Sow-thistle,Sonchus oleraceus,Common Sow-thistle,Plantae,53294,Plantae,Tracheophyta,Angiospermae,,Magnoliopsida,,,Asterales,,,Asteraceae,Cichorioideae,,Cichorieae,Hyoseridinae,Sonchus,,Sonchus oleraceus,,,,
355736892,2026-04-25 01:23:00 UTC,Jess Webster,-39.2711768855,174.0942619906,Egmont Bog Mountain Daisy,Celmisia glandulosa latifolia,Egmont Bog Mountain Daisy,Plantae,412149,Plantae,Tracheophyta,Angiospermae,,Magnoliopsida,,,Asterales,,,Asteraceae,Asteroideae,,Astereae,Celmisiinae,Celmisia,,Celmisia glandulosa,,,Celmisia glandulosa latifolia,
355743868,2026-04-24 00:20:00 UTC,David Munro,-39.0909825997,174.0387771,English daisy,Bellis perennis,Lawn daisy,Plantae,55563,Plantae,Tracheophyta,Angiospermae,,Magnoliopsida,,,Asterales,,,Asteraceae,Asteroideae,,Astereae,Bellidinae,Bellis,,Bellis perennis,,,,
355743875,2026-04-24 00:21:00 UTC,David Munro,-39.0909848,174.0387743,Catsear,Hypochaeris radicata,Common Cat's-ear,Plantae,53104,Plantae,Tracheophyta,Angiospermae,,Magnoliopsida,,,Asterales,,,Asteraceae,Cichorioideae,,Cichorieae,Hypochaeridinae,Hypochaeris,,Hypochaeris radicata,,,,
355916500,2026-04-24 01:16:00 UTC,David Munro,-39.0778464997,174.0409559,Mexican daisy,Erigeron karvinskianus,Mexican Fleabane,Plantae,76923,Plantae,Tracheophyta,Angiospermae,,Magnoliopsida,,,Asterales,,,Asteraceae,Asteroideae,,Astereae,Conyzinae,Erigeron,,Erigeron karvinskianus,,,,
355979536,2026-04-27 00:44:11 UTC,"",-39.0024189,174.1908679997,Californian thistle,Cirsium arvense,creeping thistle,Plantae,60132,Plantae,Tracheophyta,Angiospermae,,Magnoliopsida,,,Asterales,,,Asteraceae,Carduoideae,,Cardueae,Carduinae,Cirsium,,Cirsium arvense,,,,
355989925,2026-04-24 01:49:01 UTC,Halema J,-39.8452481885,174.7050176561,ragwort,Jacobaea vulgaris,ragwort,Plantae,62498,Plantae,Tracheophyta,Angiospermae,,Magnoliopsida,,,Asterales,,,Asteraceae,Asteroideae,,Senecioneae,Senecioninae,Jacobaea,,Jacobaea vulgaris,,,,
355999821,2026-04-26 10:37:00 UTC,"",-38.95114,174.749572,toropapa,Alseuosmia macrophylla,toropapa,Plantae,399483,Plantae,Tracheophyta,Angiospermae,,Magnoliopsida,,,Asterales,,,Alseuosmiaceae,,,,,Alseuosmia,,Alseuosmia macrophylla,,,,
355999838,2026-04-26 10:57:00 UTC,"",-38.95114,174.749572,"Chamomiles, Yarrows, and Allies",Anthemideae,"Chamomiles, yarrows, and allies",Plantae,373844,Plantae,Tracheophyta,Angiospermae,,Magnoliopsida,,,Asterales,,,Asteraceae,Asteroideae,,Anthemideae,,,,,,,,
356351670,2026-04-24 02:18:00 UTC,David Munro,-39.0816956997,174.0383525997,Cremanthodium reniforme,Cremanthodium reniforme,,Plantae,866362,Plantae,Tracheophyta,Angiospermae,,Magnoliopsida,,,Asterales,,,Asteraceae,Asteroideae,,Senecioneae,Tussilagininae,Cremanthodium,,Cremanthodium reniforme,,,,
356373995,2026-04-27 04:30:34 UTC,,-38.9147184727,174.4933805032,Lawn daisy,Bellis perennis,Lawn daisy,Plantae,55563,Plantae,Tracheophyta,Angiospermae,,Magnoliopsida,,,Asterales,,,Asteraceae,Asteroideae,,Astereae,Bellidinae,Bellis,,Bellis perennis,,,,
356399214,2026-04-23 23:50:00 UTC,"",-39.1559201997,173.9216102,galinsogas,Galinsoga quadriradiata,shaggy soldier,Plantae,56170,Plantae,Tracheophyta,Angiospermae,,Magnoliopsida,,,Asterales,,,Asteraceae,Asteroideae,,Millerieae,Galinsoginae,Galinsoga,,Galinsoga quadriradiata,,,,
356408683,2026-04-24 00:40:00 UTC,"",-39.1565664997,173.9222772997,Mexican daisy,Erigeron karvinskianus,Mexican Fleabane,Plantae,76923,Plantae,Tracheophyta,Angiospermae,,Magnoliopsida,,,Asterales,,,Asteraceae,Asteroideae,,Astereae,Conyzinae,Erigeron,,Erigeron karvinskianus,,,,
356411154,2026-04-24 01:15:00 UTC,"",-39.1573601997,173.9245367,Catsear,Hypochaeris radicata,Common Cat's-ear,Plantae,53104,Plantae,Tracheophyta,Angiospermae,,Magnoliopsida,,,Asterales,,,Asteraceae,Cichorioideae,,Cichorieae,Hypochaeridinae,Hypochaeris,,Hypochaeris radicata,,,,
357047651,2026-04-24 00:53:11 UTC,,-39.8166233,174.5625646,Goodenia heenanii,Goodenia heenanii,,Plantae,1123429,Plantae,Tracheophyta,Angiospermae,,Magnoliopsida,,,Asterales,,,Goodeniaceae,,,,,Goodenia,,Goodenia heenanii,,,,
357048778,2026-04-24 00:34:05 UTC,,-39.8154645997,174.5587329997,Tauhinu,Ozothamnus leptophyllus,Tauhinu,Plantae,349798,Plantae,Tracheophyta,Angiospermae,,Magnoliopsida,,,Asterales,,,Asteraceae,Asteroideae,,Gnaphalieae,Gnaphaliinae,Ozothamnus,,Ozothamnus leptophyllus,,,,
357049396,2026-04-24 00:28:02 UTC,,-39.8152716,174.558411,Punakuru,Lobelia anceps,angled lobelia,Plantae,323829,Plantae,Tracheophyta,Angiospermae,,Magnoliopsida,,,Asterales,,,Campanulaceae,Lobelioideae,,,,Lobelia,,Lobelia anceps,,,,
357120300,2026-04-24 07:01:00 UTC,"",-39.25694,174.099756,toropapa,Alseuosmia macrophylla,toropapa,Plantae,399483,Plantae,Tracheophyta,Angiospermae,,Magnoliopsida,,,Asterales,,,Alseuosmiaceae,,,,,Alseuosmia,,Alseuosmia macrophylla,,,,
357120309,2026-04-24 07:20:00 UTC,"",-39.2569397997,174.099756,Marble leaf,Carpodetus serratus,Marble leaf,Plantae,341690,Plantae,Tracheophyta,Angiospermae,,Magnoliopsida,,,Asterales,,,Rousseaceae,,,,,Carpodetus,,Carpodetus serratus,,,,
357120325,2026-04-24 07:46:00 UTC,"",-39.2563196997,174.0990217,Marble leaf,Carpodetus serratus,Marble leaf,Plantae,341690,Plantae,Tracheophyta,Angiospermae,,Magnoliopsida,,,Asterales,,,Rousseaceae,,,,,Carpodetus,,Carpodetus serratus,,,,
357122736,2026-04-24 08:03:00 UTC,"",-39.2563196997,174.0990217,Brachyglottis elaeagnifolia,Brachyglottis elaeagnifolia,,Plantae,380727,Plantae,Tracheophyta,Angiospermae,,Magnoliopsida,,,Asterales,,,Asteraceae,Asteroideae,,Senecioneae,,Brachyglottis,,Brachyglottis elaeagnifolia,,,,
357461279,2026-04-25 06:48:00 UTC,"",-39.020665,174.800912,Rangiora,Brachyglottis repanda,Rangiora,Plantae,336384,Plantae,Tracheophyta,Angiospermae,,Magnoliopsida,,,Asterales,,,Asteraceae,Asteroideae,,Senecioneae,,Brachyglottis,,Brachyglottis repanda,,,,
357461281,2026-04-25 06:48:00 UTC,"",-39.020639,174.800925,Marble leaf,Carpodetus serratus,Marble leaf,Plantae,341690,Plantae,Tracheophyta,Angiospermae,,Magnoliopsida,,,Asterales,,,Rousseaceae,,,,,Carpodetus,,Carpodetus serratus,,,,
357837888,2026-04-25 02:03:00 UTC,"",-39.1553602997,174.6998294997,Daisybushes,Olearia rani,Heketara,Plantae,366693,Plantae,Tracheophyta,Angiospermae,,Magnoliopsida,,,Asterales,,,Asteraceae,Asteroideae,,Astereae,Celmisiinae,Olearia,,Olearia rani,,,,
357858058,2026-04-25 07:01:00 UTC,"",-39.0207369722,174.8006729722,Pānakenake,Lobelia angulata,pānakenake,Plantae,403517,Plantae,Tracheophyta,Angiospermae,,Magnoliopsida,,,Asterales,,,Campanulaceae,Lobelioideae,,,,Lobelia,,Lobelia angulata,,,,
357858077,2026-04-25 07:15:00 UTC,"",-39.020862,174.800529,Heketara,Olearia rani,Heketara,Plantae,366693,Plantae,Tracheophyta,Angiospermae,,Magnoliopsida,,,Asterales,,,Asteraceae,Asteroideae,,Astereae,Celmisiinae,Olearia,,Olearia rani,,,,
357858087,2026-04-25 07:24:00 UTC,"",-39.020896,174.800071,pānakenake,Lobelia angulata,pānakenake,Plantae,403517,Plantae,Tracheophyta,Angiospermae,,Magnoliopsida,,,Asterales,,,Campanulaceae,Lobelioideae,,,,Lobelia,,Lobelia angulata,,,,
358451828,2026-04-24 03:20:00 UTC,Jess Webster,-39.2008331229,173.9798736408,Coneflowers,Echinacea,coneflowers,Plantae,48628,Plantae,Tracheophyta,Angiospermae,,Magnoliopsida,,,Asterales,,,Asteraceae,Asteroideae,,Heliantheae,Zinniinae,Echinacea,,,,,,
358451835,2026-04-24 03:20:00 UTC,Jess Webster,-39.2008242487,173.9798534036,Coneflowers,Echinacea,coneflowers,Plantae,48628,Plantae,Tracheophyta,Angiospermae,,Magnoliopsida,,,Asterales,,,Asteraceae,Asteroideae,,Heliantheae,Zinniinae,Echinacea,,,,,,
358451898,2026-04-24 03:09:00 UTC,Jess Webster,-39.2004777884,173.9794585268,"Bonesets, Blazingstars, and Allies",Eupatorieae,"bonesets, blazingstars, and allies",Plantae,153419,Plantae,Tracheophyta,Angiospermae,,Magnoliopsida,,,Asterales,,,Asteraceae,Asteroideae,,Eupatorieae,,,,,,,,
358451955,2026-04-24 03:12:00 UTC,Jess Webster,-39.2004474919,173.9794437724,New Zealand bluebell,Wahlenbergia violacea,New Zealand bluebell,Plantae,410166,Plantae,Tracheophyta,Angiospermae,,Magnoliopsida,,,Asterales,,,Campanulaceae,Campanuloideae,,,,Wahlenbergia,,Wahlenbergia violacea,,,,
358510018,2026-04-23 22:17:13 UTC,,-39.8085152,174.5477443997,Tauhinu,Ozothamnus leptophyllus,Tauhinu,Plantae,349798,Plantae,Tracheophyta,Angiospermae,,Magnoliopsida,,,Asterales,,,Asteraceae,Asteroideae,,Gnaphalieae,Gnaphaliinae,Ozothamnus,,Ozothamnus leptophyllus,,,,
358511655,2026-04-23 23:07:54 UTC,,-39.8112227,174.5510386997,fleabanes and horseweeds,Erigeron,fleabanes and horseweeds,Plantae,50879,Plantae,Tracheophyta,Angiospermae,,Magnoliopsida,,,Asterales,,,Asteraceae,Asteroideae,,Astereae,Conyzinae,Erigeron,,,,,,
358553185,2026-04-25 08:27:00 UTC,"",-39.0202499722,174.8014929722,Rangiora,Brachyglottis repanda,Rangiora,Plantae,336384,Plantae,Tracheophyta,Angiospermae,,Magnoliopsida,,,Asterales,,,Asteraceae,Asteroideae,,Senecioneae,,Brachyglottis,,Brachyglottis repanda,,,,
358860687,2026-04-26 03:42:00 UTC,"",-39.0071599722,174.839198,Mexican daisy,Erigeron karvinskianus,Mexican Fleabane,Plantae,76923,Plantae,Tracheophyta,Angiospermae,,Magnoliopsida,,,Asterales,,,Asteraceae,Asteroideae,,Astereae,Conyzinae,Erigeron,,Erigeron karvinskianus,,,,
358860696,2026-04-26 04:06:00 UTC,"",-39.007238,174.8381009722,Anaphalioides subrigida,Anaphalioides subrigida,,Plantae,399508,Plantae,Tracheophyta,Angiospermae,,Magnoliopsida,,,Asterales,,,Asteraceae,Asteroideae,,Gnaphalieae,Gnaphaliinae,Anaphalioides,,Anaphalioides subrigida,,,,
359156230,2026-04-26 01:33:00 UTC,"",-39.0134315997,174.8538181,Slender Thistle,Carduus tenuiflorus,Slender Thistle,Plantae,53007,Plantae,Tracheophyta,Angiospermae,,Magnoliopsida,,,Asterales,,,Asteraceae,Carduoideae,,Cardueae,Carduinae,Carduus,,Carduus tenuiflorus,,,,
359161263,2026-04-26 02:39:00 UTC,"",-39.0026359,174.844591,pānakenake,Lobelia angulata,pānakenake,Plantae,403517,Plantae,Tracheophyta,Angiospermae,,Magnoliopsida,,,Asterales,,,Campanulaceae,Lobelioideae,,,,Lobelia,,Lobelia angulata,,,,
359166337,2026-04-26 08:45:00 UTC,"",-38.9633889722,174.7585379722,pānakenake,Lobelia angulata,pānakenake,Plantae,403517,Plantae,Tracheophyta,Angiospermae,,Magnoliopsida,,,Asterales,,,Campanulaceae,Lobelioideae,,,,Lobelia,,Lobelia angulata,,,,
359166350,2026-04-26 08:52:00 UTC,"",-38.9633889722,174.7585379722,ragwort,Jacobaea vulgaris,ragwort,Plantae,62498,Plantae,Tracheophyta,Angiospermae,,Magnoliopsida,,,Asterales,,,Asteraceae,Asteroideae,,Senecioneae,Senecioninae,Jacobaea,,Jacobaea vulgaris,,,,
359169139,2026-04-25 08:15:00 UTC,"",-39.0195251923,174.8008039372,Heketara,Olearia rani,Heketara,Plantae,366693,Plantae,Tracheophyta,Angiospermae,,Magnoliopsida,,,Asterales,,,Asteraceae,Asteroideae,,Astereae,Celmisiinae,Olearia,,Olearia rani,,,,
359388307,2026-04-23 22:44:33 UTC,Hēmi Tūtiri,-39.8101105,174.5498009,angled lobelia,Lobelia anceps,angled lobelia,Plantae,323829,Plantae,Tracheophyta,Angiospermae,,Magnoliopsida,,,Asterales,,,Campanulaceae,Lobelioideae,,,,Lobelia,,Lobelia anceps,,,,
359388831,2026-04-23 22:52:59 UTC,Hēmi Tūtiri,-39.8106141,174.5504818997,Common Sow-thistle,Sonchus oleraceus,Common Sow-thistle,Plantae,53294,Plantae,Tracheophyta,Angiospermae,,Magnoliopsida,,,Asterales,,,Asteraceae,Cichorioideae,,Cichorieae,Hyoseridinae,Sonchus,,Sonchus oleraceus,,,,
359388899,2026-04-23 22:55:47 UTC,Hēmi Tūtiri,-39.8108093997,174.5504227,Selliera,Goodenia radicans,Selliera,Plantae,1497018,Plantae,Tracheophyta,Angiospermae,,Magnoliopsida,,,Asterales,,,Goodeniaceae,,,,,Goodenia,,Goodenia radicans,,,,
359390033,2026-04-24 00:19:05 UTC,Hēmi Tūtiri,-39.8146235,174.5578501997,Tauhinu,Ozothamnus leptophyllus,Tauhinu,Plantae,349798,Plantae,Tracheophyta,Angiospermae,,Magnoliopsida,,,Asterales,,,Asteraceae,Asteroideae,,Gnaphalieae,Gnaphaliinae,Ozothamnus,,Ozothamnus leptophyllus,,,,
359390600,2026-04-24 00:38:27 UTC,Hēmi Tūtiri,-39.8869710423,174.4152195093,Tauhinu,Ozothamnus leptophyllus,Tauhinu,Plantae,349798,Plantae,Tracheophyta,Angiospermae,,Magnoliopsida,,,Asterales,,,Asteraceae,Asteroideae,,Gnaphalieae,Gnaphaliinae,Ozothamnus,,Ozothamnus leptophyllus,,,,
359390623,2026-04-24 00:52:15 UTC,Hēmi Tūtiri,-39.8167021,174.5625842997,Goodenia heenanii,Goodenia heenanii,,Plantae,1123429,Plantae,Tracheophyta,Angiospermae,,Magnoliopsida,,,Asterales,,,Goodeniaceae,,,,,Goodenia,,Goodenia heenanii,,,,
359390814,2026-04-24 00:53:03 UTC,Hēmi Tūtiri,-39.89127966,174.4848148555,Goodenia heenanii,Goodenia heenanii,,Plantae,1123429,Plantae,Tracheophyta,Angiospermae,,Magnoliopsida,,,Asterales,,,Goodeniaceae,,,,,Goodenia,,Goodenia heenanii,,,,
359428190,2026-04-25 04:29:00 UTC,Emily Roberts,-39.4533016667,174.4140483333,Common Beggarticks,Bidens frondosa,Devil's Beggarticks,Plantae,51712,Plantae,Tracheophyta,Angiospermae,,Magnoliopsida,,,Asterales,,,Asteraceae,Asteroideae,,Coreopsideae,,Bidens,,Bidens frondosa,,,,
359726775,2026-04-26 01:58:00 UTC,"",-39.0101630997,174.8517969,Marble leaf,Carpodetus serratus,Marble leaf,Plantae,341690,Plantae,Tracheophyta,Angiospermae,,Magnoliopsida,,,Asterales,,,Rousseaceae,,,,,Carpodetus,,Carpodetus serratus,,,,
359726796,2026-04-26 03:42:00 UTC,"",-39.0071676,174.8392091,Rangiora,Brachyglottis repanda,Rangiora,Plantae,336384,Plantae,Tracheophyta,Angiospermae,,Magnoliopsida,,,Asterales,,,Asteraceae,Asteroideae,,Senecioneae,,Brachyglottis,,Brachyglottis repanda,,,,
359748843,2026-04-26 08:54:00 UTC,"",-38.9633962456,174.7585459071,toropapa,Alseuosmia macrophylla,toropapa,Plantae,399483,Plantae,Tracheophyta,Angiospermae,,Magnoliopsida,,,Asterales,,,Alseuosmiaceae,,,,,Alseuosmia,,Alseuosmia macrophylla,,,,
359748857,2026-04-26 09:03:00 UTC,"",-38.9630149722,174.7596139722,Marble leaf,Carpodetus serratus,Marble leaf,Plantae,341690,Plantae,Tracheophyta,Angiospermae,,Magnoliopsida,,,Asterales,,,Rousseaceae,,,,,Carpodetus,,Carpodetus serratus,,,,
359748870,2026-04-26 09:15:00 UTC,"",-38.9630149722,174.7596139722,yarrow,Achillea millefolium,common yarrow,Plantae,52821,Plantae,Tracheophyta,Angiospermae,,Magnoliopsida,,,Asterales,,,Asteraceae,Asteroideae,,Anthemideae,Matricariinae,Achillea,,Achillea millefolium,,,,
359748886,2026-04-26 09:31:00 UTC,"",-38.9630149722,174.7596139722,Marble leaf,Carpodetus serratus,Marble leaf,Plantae,341690,Plantae,Tracheophyta,Angiospermae,,Magnoliopsida,,,Asterales,,,Rousseaceae,,,,,Carpodetus,,Carpodetus serratus,,,,
359777926,2026-04-26 09:44:00 UTC,"",-38.9630149722,174.7596139722,pānakenake,Lobelia angulata,pānakenake,Plantae,403517,Plantae,Tracheophyta,Angiospermae,,Magnoliopsida,,,Asterales,,,Campanulaceae,Lobelioideae,,,,Lobelia,,Lobelia angulata,,,,
359786717,2026-04-27 01:05:00 UTC,"",-38.9199399722,174.7883549722,Wall Lettuce,Mycelis muralis,Wall Lettuce,Plantae,48543,Plantae,Tracheophyta,Angiospermae,,Magnoliopsida,,,Asterales,,,Asteraceae,Cichorioideae,,Cichorieae,Lactucinae,Mycelis,,Mycelis muralis,,,,
360029332,2026-04-27 01:09:00 UTC,"",-38.9199399722,174.7883549722,pānakenake,Lobelia angulata,pānakenake,Plantae,403517,Plantae,Tracheophyta,Angiospermae,,Magnoliopsida,,,Asterales,,,Campanulaceae,Lobelioideae,,,,Lobelia,,Lobelia angulata,,,,
360065385,2026-04-27 00:20:00 UTC,"",-38.9202989722,174.7846629722,pānakenake,Lobelia angulata,pānakenake,Plantae,403517,Plantae,Tracheophyta,Angiospermae,,Magnoliopsida,,,Asterales,,,Campanulaceae,Lobelioideae,,,,Lobelia,,Lobelia angulata,,,,
360065398,2026-04-27 00:25:00 UTC,"",-38.9207589722,174.787531,Marble leaf,Carpodetus serratus,Marble leaf,Plantae,341690,Plantae,Tracheophyta,Angiospermae,,Magnoliopsida,,,Asterales,,,Rousseaceae,,,,,Carpodetus,,Carpodetus serratus,,,,
360065425,2026-04-27 00:34:00 UTC,"",-38.9204507997,174.7879642997,Heketara,Olearia rani,Heketara,Plantae,366693,Plantae,Tracheophyta,Angiospermae,,Magnoliopsida,,,Asterales,,,Asteraceae,Asteroideae,,Astereae,Celmisiinae,Olearia,,Olearia rani,,,,
360065431,2026-04-27 00:36:00 UTC,"",-38.9202543,174.7881419997,Heketara,Olearia rani,Heketara,Plantae,366693,Plantae,Tracheophyta,Angiospermae,,Magnoliopsida,,,Asterales,,,Asteraceae,Asteroideae,,Astereae,Celmisiinae,Olearia,,Olearia rani,,,,
360072359,2026-04-27 01:09:00 UTC,"",-38.9199399722,174.7883549722,pānakenake,Lobelia angulata,pānakenake,Plantae,403517,Plantae,Tracheophyta,Angiospermae,,Magnoliopsida,,,Asterales,,,Campanulaceae,Lobelioideae,,,,Lobelia,,Lobelia angulata,,,,
360097114,2026-04-27 00:56:00 UTC,"",-38.9199399722,174.7883549722,Mexican daisy,Erigeron karvinskianus,Mexican Fleabane,Plantae,76923,Plantae,Tracheophyta,Angiospermae,,Magnoliopsida,,,Asterales,,,Asteraceae,Asteroideae,,Astereae,Conyzinae,Erigeron,,Erigeron karvinskianus,,,,
